{"cameraMode":{"drawMode":0,"name":"Shaded","section":"Shading Mode"},"sceneLighting":false,"audioPlay":false,"sceneViewState":{"showFog":true,"showMaterialUpdate":false,"showSkybox":false,"showFlares":true,"showImageEffects":true,"showParticleSystems":true},"in2DMode":false,"pivot":{"x":1.352273941040039,"y":25.171070098876954,"z":-10.271808624267579},"rotation":{"x":-0.14092634618282319,"y":-0.6988657116889954,"z":-0.14348755776882173,"w":0.6863976120948792},"size":10.0,"orthographic":false}