{"cameraMode":{"drawMode":0,"name":"Shaded","section":"Shading Mode"},"sceneLighting":false,"audioPlay":false,"sceneViewState":{"showFog":true,"showMaterialUpdate":false,"showSkybox":false,"showFlares":true,"showImageEffects":true,"showParticleSystems":true},"in2DMode":false,"pivot":{"x":34.07950973510742,"y":10.057698249816895,"z":-19.05855941772461},"rotation":{"x":-0.11912812292575836,"y":0.5543533563613892,"z":-0.0805586501955986,"w":-0.8197643160820007},"size":1.2247449159622193,"orthographic":false}